{
  "ascent": 2189,
  "descent": -600,
  "unitsPerEm": 2048,
  "lineGap": 0,
  "xHeight": 1096,
  "capHeight": 1462,
  "advanceWidthsFallback": 0.63232421875,
  "advanceWidths": {
    "0": 0.57177734375,
    "1": 0.57177734375,
    "2": 0.57177734375,
    "3": 0.57177734375,
    "4": 0.57177734375,
    "5": 0.57177734375,
    "6": 0.57177734375,
    "7": 0.57177734375,
    "8": 0.57177734375,
    "9": 0.57177734375,
    " ": 0.259765625,
    "!": 0.26416015625,
    "\"": 0.3984375,
    "#": 0.64599609375,
    "$": 0.57177734375,
    "%": 0.82666015625,
    "&": 0.728515625,
    "'": 0.21923828125,
    "(": 0.294921875,
    ")": 0.294921875,
    "*": 0.55078125,
    "+": 0.57177734375,
    ",": 0.2587890625,
    "-": 0.32177734375,
    ".": 0.2626953125,
    "/": 0.36669921875,
    ":": 0.2626953125,
    ";": 0.2626953125,
    "<": 0.57177734375,
    "=": 0.57177734375,
    ">": 0.57177734375,
    "?": 0.431640625,
    "@": 0.896484375,
    "A": 0.63232421875,
    "B": 0.64599609375,
    "C": 0.6298828125,
    "D": 0.7255859375,
    "E": 0.5556640625,
    "F": 0.51611328125,
    "G": 0.72705078125,
    "H": 0.7373046875,
    "I": 0.279296875,
    "J": 0.2685546875,
    "K": 0.6123046875,
    "L": 0.52197265625,
    "M": 0.8994140625,
    "N": 0.7529296875,
    "O": 0.77783203125,
    "P": 0.6015625,
    "Q": 0.77783203125,
    "R": 0.6171875,
    "S": 0.54833984375,
    "T": 0.55078125,
    "U": 0.72900390625,
    "V": 0.59619140625,
    "W": 0.92333984375,
    "X": 0.57763671875,
    "Y": 0.55908203125,
    "Z": 0.572265625,
    "[": 0.3271484375,
    "\\": 0.36669921875,
    "]": 0.3271484375,
    "^": 0.57177734375,
    "_": 0.43798828125,
    "`": 0.27734375,
    "a": 0.5556640625,
    "b": 0.61181640625,
    "c": 0.47900390625,
    "d": 0.61181640625,
    "e": 0.5615234375,
    "f": 0.33642578125,
    "g": 0.54296875,
    "h": 0.61328125,
    "i": 0.25244140625,
    "j": 0.25244140625,
    "k": 0.525390625,
    "l": 0.25244140625,
    "m": 0.92578125,
    "n": 0.61328125,
    "o": 0.6015625,
    "p": 0.61181640625,
    "q": 0.61181640625,
    "r": 0.40869140625,
    "s": 0.4765625,
    "t": 0.3564453125,
    "u": 0.61328125,
    "v": 0.49951171875,
    "w": 0.77490234375,
    "x": 0.5234375,
    "y": 0.5009765625,
    "z": 0.46875,
    "{": 0.375,
    "|": 0.54931640625,
    "}": 0.375,
    "~": 0.57177734375
  }
}